ticker,title,summary,summary_textblob_sentiment,publisher,link,publish_date,source
AAPL,講談社の冬電書2025ブルーバックスフェアで、ブルーバックスシリーズの宇宙や地球科学、数学関連書籍が30%OFFセール中。,"講談社の冬電書2025ブルーバックスフェアで、ブルーバックスシリーズの宇宙や地球科学、数学関連書籍が30%OFFセールとなっています。詳細は以下から。 　講談社は2024年11月29日から毎年恒例の「冬電書 (2025 […]
The post 講談社の冬電書2025ブルーバックスフェアで、ブルーバックスシリーズの宇宙や地球科学、数学関連書籍が30%OFFセール中。 first appeared on AAPL Ch..",0.25,Applech2.com,https://applech2.com/archives/20241210-kindle-kodansha-bluebacks-sale.html,2024-12-09T20:11:16Z,NewsAPI
AAPL,Apple’s iPhone SE 4 will matter very much indeed,"It might not be the biggest-selling or most expensive product in Apple’s basket, but a very important part of Apple’s future will be defined by the upcoming iPhone SE upgrade in 2025. That’s because it is expected to bring in a new Apple-made 5G modem, impres…",0.09272727272727273,Computerworld,https://www.computerworld.com/article/3619921/apples-iphone-se-4-will-matter-very-much-indeed.html,2024-12-09T19:14:10Z,NewsAPI
AAPL,カプコン、Apple Silicon MacやiPad、A17 Proチップ以降のiPhoneに対応した「BIOHAZARD RE:2」の発売を開始。1月8日までは本編が75%OFFの990円セールに。,"カプコンがApple Silicon MacやiPad、A17 Proチップ以降のiPhone対応した「BIOHAZARD RE:2」発売開始しています。詳細は以下から。 　株式会社カプコンは日本時間2024年12月1 […]
The post カプコン、Apple Silicon MacやiPad、A17 Proチップ以降のiPhoneに対応した「BIOHAZARD RE:2」の発売を開始。1月8日までは本編が75%OFFの990円セールに。 first appeared on AAPL Ch..",0.25,Applech2.com,https://applech2.com/archives/20241210-biohazard-re-2-for-mac-and-iphone.html,2024-12-09T17:51:21Z,NewsAPI
AAPL,"Schwab Trading Activity Index™: November Score Rises Modestly Following Fed, Election Decisions","Schwab Trading Activity Index™: November Score Rises Modestly Following Fed, Election Decisions",0.0,Investing.com,https://www.investing.com/news/press-releases/schwab-trading-activity-index-november-score-rises-modestly-following-fed-election-decisions-93CH-3762049,2024-12-09T17:32:04Z,NewsAPI
AAPL,Invest $500 in these ASX ETFs in 2025,"Looking for ETFs? Then check out these top options ahead of the new year.
The post Invest $500 in these ASX ETFs in 2025 appeared first on The Motley Fool Australia.",0.3715909090909091,Motley Fool Australia,https://www.fool.com.au/2024/12/10/invest-500-in-these-asx-etfs-in-2025/,2024-12-09T17:21:00Z,NewsAPI
AAPL,"Apple Faces $1.2B Lawsuit Over Child Sexual Abuse Material Detection On iCloud — Tech Giant Says, 'Urgently And Actively Innovating'","Apple Inc. AAPL is facing a $1.2 billion lawsuit filed on Saturday in U.S. District Court in Northern California for discontinuing its child sexual abuse material detection feature.
What Happened: The plaintiff, a 27-year-old woman using a pseudonym, alleges …",0.5,Biztoc.com,https://biztoc.com/x/bb597df5832ce802,2024-12-09T16:24:57Z,NewsAPI
AAPL,蘋果週一股價漲1.61%創新猷，印度或成中國以外iPhone最大生產基地,【財訊快報／陳孟朔】媒體報導，到2025年，蘋果公司(美股代碼AAPL)四分之一的iPhone可能將在中國以外生產，印度成為最有可能的生產基地。作為一個快速增長的市場，印度擁有數億潛在客戶，三星和中國品牌已在此展開激烈競爭。根據市場研究機構IDC的數據顯示，印度智慧手機平均售價已從2020年第三季的192美元大幅上漲53%至2024年同期的293美元。蘋果市占率在2023年第三季到2024年間增長近60%，這一增長部分受惠其推出的較為親民的舊款iPhone。蘋果股價繼上日現六個交易日首黑小吐0.2美元或0.08%…,0.0,Yahoo Entertainment,https://tw.stock.yahoo.com/news/%E8%98%8B%E6%9E%9C%E9%80%B1-%E8%82%A1%E5%83%B9%E6%BC%B21-61-%E5%89%B5%E6%96%B0%E7%8C%B7-%E5%8D%B0%E5%BA%A6%E6%88%96%E6%88%90%E4%B8%AD%E5%9C%8B%E4%BB%A5%E5%A4%96iphone%E6%9C%80%E5%A4%A7%E7%94%9F%E7%94%A2%E5%9F%BA%E5%9C%B0-234643908.html,2024-12-09T15:46:43Z,NewsAPI
AAPL,ORICO、Mac mini (2024)にUSB-A/-CポートやHDMI、Ethernetポート、NVMe SSDを増設し電源ボタンも押しやすくしてくれる10-in-1縦置きスタンド「MiniDock」を発表。,"ORICOがMac mini (2024)にUSB-A/-CポートはHDMI、EthernetポートとNVMe SSDを増設し電源も押しやすくしてくれる縦置きスタンド「MiniDock」を発売すると発表しています。詳細 […]
The post ORICO、Mac mini (2024)にUSB-A/-CポートやHDMI、Ethernetポート、NVMe SSDを増設し電源ボタンも押しやすくしてくれる10-in-1縦置きスタンド「MiniDock」を発表。 first appeared on AAPL Ch..",0.25,Applech2.com,https://applech2.com/archives/20241209-orico-minidock-for-mac-mini-m4.html,2024-12-09T15:45:16Z,NewsAPI
AAPL,Apple Is America’s Best-Managed Company,"This post may contain links from our sponsors and affiliates, and Flywheel Publishing may receive compensation for actions taken through them.
 
Key Points
Apple Inc. (NASDAQ: AAPL) topped a new list of America’s best-managed companies.
However, the tech gian…",0.06818181818181818,Biztoc.com,https://biztoc.com/x/94a4675e14b3eb0b,2024-12-09T13:39:24Z,NewsAPI
AAPL,"Apple, Nvidia, and Microsoft are America's best-managed companies right now, report says","Apple (AAPL) is the best-managed company in the U.S., according to a new ranking by The Wall Street Journal.Read more...",0.3181818181818182,Quartz India,https://qz.com/apple-nvidia-microsoft-intel-best-managed-companies-1851716404,2024-12-09T13:24:00Z,NewsAPI
AAPL,"Apple Inc. (AAPL) Faces Setbacks in China as AI Integration Struggles with Baidu, Impacting iPhone 16 Sales",,0.0,Yahoo Entertainment,https://consent.yahoo.com/v2/collectConsent?sessionId=1_cc-session_782ab64c-8f7f-456d-9179-d19aac9dacbe,2024-12-09T13:09:16Z,NewsAPI
AAPL,Dow Jones Futures: Techs Fall As China Probes Nvidia; Beware These Risks,The Nasdaq is getting stretched. Nvidia fell on a China monopoly probe.,-0.05,Investor's Business Daily,https://www.investors.com/market-trend/stock-market-today/dow-jones-futures-china-probes-nvidia-beware-market-risks/,2024-12-09T12:37:38Z,NewsAPI
AAPL,Starlink 手機直聯網路建置完成，隨時隨地都有訊號的時代即將來臨,"Starlink Falcon 9 launch
繼上週三 SpaceX 以 Falcon 9 火箭發射了又一組的 20 枚衛星後，SpaceX 正式完成了其手機衛星網路的初步建置。這讓世界上任何地方的人理論上都能直接透過手機連上 Starlink（星鏈）網路，獲得最快 10Mbps 的連線。
目前 SpaceX 在低地軌道共有 6,799 顆運行中的衛星，但其實當中只有約 330 顆具備直接與手機通信的能力。這些衛星在實質上成為了天上的「基地台」，讓手機可以直接與它們連線，然後具備手機通信的衛星會再透過雷射…",0.0,Yahoo Entertainment,https://consent.yahoo.com/v2/collectConsent?sessionId=1_cc-session_0defcc52-cc1e-4e82-9c0e-2ca06842bb7e,2024-12-09T10:01:00Z,NewsAPI
AAPL,米elago、両面にマグネットを配置することで金属製の壁などに接続してiPhoneを充電できるワイヤレス充電器「elago 15W Wireless Charging Pad」を発売。,"米elagoが両サイドにマグネットを配置することで金属製の壁などに設置してiPhoneを充電できるワイヤレス充電器「elago 15W Wireless Charging Pad」を発売しています。詳細は以下から。 　 […]
The post 米elago、両面にマグネットを配置することで金属製の壁などに接続してiPhoneを充電できるワイヤレス充電器「elago 15W Wireless Charging Pad」を発売。 first appeared on AAPL Ch..",0.25,Applech2.com,https://applech2.com/archives/20241209-elago-15w-wireless-charging-pad.html,2024-12-09T08:23:34Z,NewsAPI
AAPL,Kowal Investment Group LLC Has $11.49 Million Stake in Apple Inc. (NASDAQ:AAPL),"Kowal Investment Group LLC increased its stake in shares of Apple Inc. (NASDAQ:AAPL – Free Report) by 3.9% during the 3rd quarter, Holdings Channel.com reports. The fund owned 49,326 shares of the iPhone maker’s stock after purchasing an additional 1,862 shar…",0.2,ETF Daily News,https://www.etfdailynews.com/2024/12/09/kowal-investment-group-llc-has-11-49-million-stake-in-apple-inc-nasdaqaapl/,2024-12-09T08:08:50Z,NewsAPI
AAPL,Apple Inc. (NASDAQ:AAPL) Shares Acquired by Market Street Wealth Management Advisors LLC,"Market Street Wealth Management Advisors LLC boosted its stake in Apple Inc. (NASDAQ:AAPL – Free Report) by 0.9% in the third quarter, according to its most recent filing with the Securities & Exchange Commission. The institutional investor owned 12,232 share…",0.225,ETF Daily News,https://www.etfdailynews.com/2024/12/09/apple-inc-nasdaqaapl-shares-acquired-by-market-street-wealth-management-advisors-llc/,2024-12-09T08:08:50Z,NewsAPI
AAPL,Kaydan Wealth Management Inc. Cuts Position in Apple Inc. (NASDAQ:AAPL),"Kaydan Wealth Management Inc. reduced its position in Apple Inc. (NASDAQ:AAPL – Free Report) by 2.2% during the 3rd quarter, HoldingsChannel.com reports. The firm owned 10,223 shares of the iPhone maker’s stock after selling 235 shares during the quarter. App…",0.06666666666666667,ETF Daily News,https://www.etfdailynews.com/2024/12/09/kaydan-wealth-management-inc-cuts-position-in-apple-inc-nasdaqaapl/,2024-12-09T08:08:49Z,NewsAPI
AAPL,Greater Midwest Financial Group LLC Buys 652 Shares of Apple Inc. (NASDAQ:AAPL),"Greater Midwest Financial Group LLC grew its stake in Apple Inc. (NASDAQ:AAPL – Free Report) by 1.3% during the 3rd quarter, according to the company in its most recent disclosure with the Securities & Exchange Commission. The firm owned 52,435 shares of the …",0.17142857142857143,ETF Daily News,https://www.etfdailynews.com/2024/12/09/greater-midwest-financial-group-llc-buys-652-shares-of-apple-inc-nasdaqaapl/,2024-12-09T08:08:49Z,NewsAPI
AAPL,Apple Inc. (NASDAQ:AAPL) Shares Purchased by SPC Financial Inc.,"SPC Financial Inc. boosted its holdings in shares of Apple Inc. (NASDAQ:AAPL – Free Report) by 10.6% during the third quarter, according to the company in its most recent filing with the Securities & Exchange Commission. The institutional investor owned 57,25…",0.18,ETF Daily News,https://www.etfdailynews.com/2024/12/09/apple-inc-nasdaqaapl-shares-purchased-by-spc-financial-inc/,2024-12-09T08:08:49Z,NewsAPI
AAPL,Horizon Wealth Management LLC Has $12.70 Million Stock Holdings in Apple Inc. (NASDAQ:AAPL),"Horizon Wealth Management LLC trimmed its position in Apple Inc. (NASDAQ:AAPL – Free Report) by 5.1% during the third quarter, according to its most recent disclosure with the Securities and Exchange Commission (SEC). The fund owned 54,525 shares of the iPhon…",0.16,ETF Daily News,https://www.etfdailynews.com/2024/12/09/horizon-wealth-management-llc-has-12-70-million-stock-holdings-in-apple-inc-nasdaqaapl/,2024-12-09T08:08:49Z,NewsAPI
AAPL,Twelve Points Wealth Management LLC Has $4.31 Million Stock Position in Apple Inc. (NASDAQ:AAPL),"Twelve Points Wealth Management LLC cut its position in Apple Inc. (NASDAQ:AAPL – Free Report) by 2.7% during the third quarter, Holdings Channel.com reports. The institutional investor owned 18,513 shares of the iPhone maker’s stock after selling 513 shares …",0.2,ETF Daily News,https://www.etfdailynews.com/2024/12/09/twelve-points-wealth-management-llc-has-4-31-million-stock-position-in-apple-inc-nasdaqaapl/,2024-12-09T08:08:48Z,NewsAPI
AAPL,"Sensible Money LLC Purchases 15,474 Shares of Apple Inc. (NASDAQ:AAPL)","Sensible Money LLC lifted its position in shares of Apple Inc. (NASDAQ:AAPL – Free Report) by 92.4% in the 3rd quarter, HoldingsChannel reports. The institutional investor owned 32,217 shares of the iPhone maker’s stock after acquiring an additional 15,474 sh…",0.2,ETF Daily News,https://www.etfdailynews.com/2024/12/09/sensible-money-llc-purchases-15474-shares-of-apple-inc-nasdaqaapl/,2024-12-09T08:08:48Z,NewsAPI
AAPL,"Consolidated Capital Management LLC Sells 6,757 Shares of Apple Inc. (NASDAQ:AAPL)","Consolidated Capital Management LLC decreased its stake in shares of Apple Inc. (NASDAQ:AAPL – Free Report) by 11.4% in the 3rd quarter, according to the company in its most recent filing with the Securities & Exchange Commission. The firm owned 52,469 shares…",0.049999999999999996,ETF Daily News,https://www.etfdailynews.com/2024/12/09/consolidated-capital-management-llc-sells-6757-shares-of-apple-inc-nasdaqaapl/,2024-12-09T08:08:47Z,NewsAPI
AAPL,Apple Inc. (NASDAQ:AAPL) Shares Sold by Bfsg LLC,"Bfsg LLC cut its holdings in shares of Apple Inc. (NASDAQ:AAPL – Free Report) by 2.0% during the third quarter, Holdings Channel reports. The firm owned 95,690 shares of the iPhone maker’s stock after selling 1,959 shares during the quarter. Apple comprises a…",0.06666666666666667,ETF Daily News,https://www.etfdailynews.com/2024/12/09/apple-inc-nasdaqaapl-shares-sold-by-bfsg-llc/,2024-12-09T08:08:47Z,NewsAPI
AAPL,Private Harbour Investment Management & Counsel LLC Has $4.81 Million Stake in Apple Inc. (NASDAQ:AAPL),"Private Harbour Investment Management & Counsel LLC trimmed its holdings in Apple Inc. (NASDAQ:AAPL – Free Report) by 0.4% during the third quarter, Holdings Channel reports. The institutional investor owned 20,632 shares of the iPhone maker’s stock after sel…",0.13333333333333333,ETF Daily News,https://www.etfdailynews.com/2024/12/09/private-harbour-investment-management-counsel-llc-has-4-81-million-stake-in-apple-inc-nasdaqaapl/,2024-12-09T08:08:47Z,NewsAPI
AAPL,Probity Advisors Inc. Decreases Holdings in Apple Inc. (NASDAQ:AAPL),"Probity Advisors Inc. lowered its position in Apple Inc. (NASDAQ:AAPL – Free Report) by 2.5% in the 3rd quarter, Holdings Channel reports. The institutional investor owned 7,423 shares of the iPhone maker’s stock after selling 189 shares during the period. Pr…",0.2,ETF Daily News,https://www.etfdailynews.com/2024/12/09/probity-advisors-inc-decreases-holdings-in-apple-inc-nasdaqaapl/,2024-12-09T08:08:47Z,NewsAPI
AAPL,"聖誕優惠2024｜Surface Laptop 7 八五折大促，低至 HK$6,610 體驗最純正 Copilot+ PC","更新日期： 2024年12月9日 上午8:38
Surface Laptop 7 八五折大促，低至 HK$6,610 體驗最純正 Copilot+ PC
想體驗最純正的 Copilot+ PC？為迎接聖誕，微軟 Surface Laptop 7 正在 Amazon 上以低至 US$850 的好價促銷。這對應的是使用代運服務的價格，機器本身約合 HK$6,610。平台另外也提供了免運費直送香港地址的選項，但起售價會來到 US$899，換算過來大約 HK$7,000。目前的優惠價已經非常接近歷史低點，各位不妨考慮…",0.0,Yahoo Entertainment,https://consent.yahoo.com/v2/collectConsent?sessionId=1_cc-session_7234892c-b450-4cf3-bf67-cbe18f58e8d2,2024-12-09T07:38:09Z,NewsAPI
AAPL,How Networks Of Competence Are Crushing Hierarchies Of Authority,Firms run as networks of competence tend to grow faster and have higher staff engagement then firms run as hierarchies of authority,0.25,Forbes,https://www.forbes.com/sites/stevedenning/2024/12/08/how-networks-of-competence-are-crushing-hierarchies-of-authority/,2024-12-09T01:09:35Z,NewsAPI
AAPL,Box Office Battle: âMoana 2â wins weekend with record $52M,"See the rest of the story here.

thefly.com provides the latest financial news as it breaks. Known as a leader in market intelligence, The Fly's real-time, streaming news feed keeps individual investors, professional money managers, active traders, and corpor…",0.21111111111111114,Thefly.com,https://thefly.com/permalinks/entry.php/id4034645/WBD;CMCSA;CMCSK;SONY;LGF.A;LGF.B;DIS;PARA;AMZN;AAPL-Box-Office-Battle-Moana--wins-weekend-with-record-M,2024-12-08T22:47:01Z,NewsAPI
AAPL,Affinity V2ユニバーサルやDesigner、Photo、Publisher 2 for Mac＆Win/iPadの全ライセンスとアドオンが50%OFFとなるSerifのブラックフライデーセールは明日12月10日まで。,"Affinity V2ユニバーサルやDesigner、Photo、Publisher 2 for Mac＆Win/iPadの全ライセンスとアドオンが50%OFFとなるSerifのブラックフライデーセールは明日12月10 […]
The post Affinity V2ユニバーサルやDesigner、Photo、Publisher 2 for Mac＆Win/iPadの全ライセンスとアドオンが50%OFFとなるSerifのブラックフライデーセールは明日12月10日まで。 first appeared on AAPL…",0.25,Applech2.com,https://applech2.com/archives/20241209-affinity-for-mac-win-ipad-black-friday-2.html,2024-12-08T22:36:12Z,NewsAPI
AAPL,"Apple Inc. (AAPL) to Launch In-House Modem and AI-Powered iPhone SE in 2024, Reducing Reliance on Qualcomm","We recently compiled a list of the 10 AI News Taking Wall Street by Storm. In this article, we are going to take a look at where Apple Inc. (NASDAQ:AAPL...",0.0,Yahoo Entertainment,https://finance.yahoo.com/news/apple-inc-aapl-launch-house-160811880.html,2024-12-08T16:08:11Z,NewsAPI
AAPL,蘋果傳將有「革命性」突破，明年推自研Modem晶片並由台積電生產,【財訊快報／陳孟朔】知名媒體科技記者古爾曼(Mark Gurman)最新撰文曝料，蘋果公司(美股代碼AAPL)正準備將其最具野心之一的項目推向市場——用自研蜂窩數據機晶片取代長期合作夥伴高通的產品。古爾曼寫道，據知情人士透露，經過5年多的研發，蘋果的數據機(modem)系統將於明年春季首次亮相，內部把即將公布的modem專案命名為“Sinope”。新的零件將成為明年更新的iPhone SE系列的一部分。隨後，蘋果的modem晶片將不斷更新，技術也將越來越先進。知情人士表示，蘋果希望能在2027年之前超越高通的技術…,0.0,Yahoo Entertainment,https://tw.stock.yahoo.com/news/%E8%98%8B%E6%9E%9C%E5%82%B3%E5%B0%87%E6%9C%89-%E9%9D%A9%E5%91%BD%E6%80%A7-%E7%AA%81%E7%A0%B4-%E6%98%8E%E5%B9%B4%E6%8E%A8%E8%87%AA%E7%A0%94modem%E6%99%B6%E7%89%87%E4%B8%A6%E7%94%B1%E5%8F%B0%E7%A9%8D%E9%9B%BB%E7%94%9F%E7%94%A2-000714737.html,2024-12-08T16:07:14Z,NewsAPI
AAPL,Why Apple has little to do with these 2 rocking telecom stocks,"This is The Takeaway from today's Morning Brief, which you can sign up to receive in your inbox every morning along with:
The chart of the day
What we're watching
What we're reading
Economic data releases and earnings
You cannot pin all the credit on Apple (A…",0.1,Biztoc.com,https://biztoc.com/x/85ffc76407884cec,2024-12-08T13:47:28Z,NewsAPI
AAPL,Why Apple has little to do with these 2 rocking telecom stocks,"Go figure, two of America's largest telecom stocks have been rocking.",0.0,Yahoo Entertainment,https://finance.yahoo.com/news/why-apple-has-little-to-do-with-these-2-rocking-telecom-stocks-133019524.html,2024-12-08T13:30:19Z,NewsAPI
AAPL,Apple Inc. (NASDAQ:AAPL) Position Decreased by Town & Country Bank & Trust CO dba First Bankers Trust CO,"Town & Country Bank & Trust CO dba First Bankers Trust CO lessened its holdings in shares of Apple Inc. (NASDAQ:AAPL – Free Report) by 15.2% during the 3rd quarter, HoldingsChannel reports. The fund owned 35,639 shares of the iPhone maker’s stock after sellin…",0.21666666666666667,ETF Daily News,https://www.etfdailynews.com/2024/12/08/apple-inc-nasdaqaapl-position-decreased-by-town-country-bank-trust-co-dba-first-bankers-trust-co/,2024-12-08T09:19:10Z,NewsAPI
AAPL,"Transform Wealth LLC Acquires 20,897 Shares of Apple Inc. (NASDAQ:AAPL)","Transform Wealth LLC increased its holdings in shares of Apple Inc. (NASDAQ:AAPL – Free Report) by 8.4% during the 3rd quarter, HoldingsChannel.com reports. The institutional investor owned 269,033 shares of the iPhone maker’s stock after acquiring an additio…",0.2,ETF Daily News,https://www.etfdailynews.com/2024/12/08/transform-wealth-llc-acquires-20897-shares-of-apple-inc-nasdaqaapl/,2024-12-08T09:19:09Z,NewsAPI
AAPL,Apple Inc. (NASDAQ:AAPL) is LaFleur & Godfrey LLC’s Largest Position,"LaFleur & Godfrey LLC trimmed its stake in shares of Apple Inc. (NASDAQ:AAPL – Free Report) by 1.4% in the 3rd quarter, according to its most recent disclosure with the SEC. The institutional investor owned 228,400 shares of the iPhone maker’s stock after sel…",0.16,ETF Daily News,https://www.etfdailynews.com/2024/12/08/apple-inc-nasdaqaapl-is-lafleur-godfrey-llcs-largest-position/,2024-12-08T09:19:09Z,NewsAPI
AAPL,Provident Wealth Management LLC Has $2.25 Million Position in Apple Inc. (NASDAQ:AAPL),"Provident Wealth Management LLC reduced its position in shares of Apple Inc. (NASDAQ:AAPL – Free Report) by 7.9% in the 3rd quarter, HoldingsChannel.com reports. The firm owned 9,658 shares of the iPhone maker’s stock after selling 831 shares during the quart…",0.06666666666666667,ETF Daily News,https://www.etfdailynews.com/2024/12/08/provident-wealth-management-llc-has-2-25-million-position-in-apple-inc-nasdaqaapl/,2024-12-08T09:19:09Z,NewsAPI
AAPL,IQ EQ FUND MANAGEMENT IRELAND Ltd Has $18.65 Million Stock Position in Apple Inc. (NASDAQ:AAPL),"IQ EQ FUND MANAGEMENT IRELAND Ltd boosted its holdings in Apple Inc. (NASDAQ:AAPL – Free Report) by 2.7% in the 3rd quarter, HoldingsChannel reports. The firm owned 80,036 shares of the iPhone maker’s stock after purchasing an additional 2,073 shares during t…",0.06666666666666667,ETF Daily News,https://www.etfdailynews.com/2024/12/08/iq-eq-fund-management-ireland-ltd-has-18-65-million-stock-position-in-apple-inc-nasdaqaapl/,2024-12-08T09:19:09Z,NewsAPI
AAPL,PCG Wealth Advisors LLC Purchases 573 Shares of Apple Inc. (NASDAQ:AAPL),"PCG Wealth Advisors LLC increased its position in Apple Inc. (NASDAQ:AAPL – Free Report) by 6.1% in the 3rd quarter, according to its most recent 13F filing with the SEC. The firm owned 9,999 shares of the iPhone maker’s stock after buying an additional 573 s…",0.10000000000000002,ETF Daily News,https://www.etfdailynews.com/2024/12/08/pcg-wealth-advisors-llc-purchases-573-shares-of-apple-inc-nasdaqaapl/,2024-12-08T09:19:08Z,NewsAPI
AAPL,Appleが独自開発の5Gモデムチップを利用してMacやApple Vision Proでもモバイル通信可能なセルラーモデルのリリースを検討か,"Appleが独自設計の5Gモデムチップを開発していることが報じられていますが、新たに、この5Gモデムチップを搭載したMacが登場する可能性が報じられています。これが実現すればMacとしては初のモバイル通信可能なモデルが登場することとなります。Apple (AAPL) Modem Chips Pave Way for Slimmer iPhone, Cellular Macs and Headsets - Bloomberghttps://www.bloomberg.com/news/articles/2024-1…",0.0,Livedoor.com,https://news.livedoor.com/article/detail/27719612/,2024-12-08T08:30:00Z,NewsAPI
AAPL,Carderock Capital Management Inc. Has $13.86 Million Position in Apple Inc. (NASDAQ:AAPL),"Carderock Capital Management Inc. grew its holdings in Apple Inc. (NASDAQ:AAPL – Free Report) by 1.2% in the 3rd quarter, according to the company in its most recent 13F filing with the SEC. The institutional investor owned 59,491 shares of the iPhone maker’s…",0.16,ETF Daily News,https://www.etfdailynews.com/2024/12/08/carderock-capital-management-inc-has-13-86-million-position-in-apple-inc-nasdaqaapl/,2024-12-08T08:06:54Z,NewsAPI
AAPL,Apple Inc. (NASDAQ:AAPL) Holdings Cut by Peoples Financial Services CORP.,"Peoples Financial Services CORP. cut its position in Apple Inc. (NASDAQ:AAPL – Free Report) by 3.3% during the 3rd quarter, HoldingsChannel.com reports. The firm owned 53,030 shares of the iPhone maker’s stock after selling 1,823 shares during the quarter. Ap…",0.05,ETF Daily News,https://www.etfdailynews.com/2024/12/08/apple-inc-nasdaqaapl-holdings-cut-by-peoples-financial-services-corp/,2024-12-08T08:06:53Z,NewsAPI
AAPL,"SeaCrest Wealth Management LLC Sells 3,128 Shares of Apple Inc. (NASDAQ:AAPL)","SeaCrest Wealth Management LLC trimmed its holdings in Apple Inc. (NASDAQ:AAPL – Free Report) by 0.9% during the third quarter, according to its most recent filing with the Securities and Exchange Commission (SEC). The firm owned 352,114 shares of the iPhone …",0.10000000000000002,ETF Daily News,https://www.etfdailynews.com/2024/12/08/seacrest-wealth-management-llc-sells-3128-shares-of-apple-inc-nasdaqaapl/,2024-12-08T08:06:47Z,NewsAPI
AAPL,NVIDIA Blur Filter & Background Blurが利用可能になりプレビューウィンドウにスクロールバーとスケールインジケーターが追加されたライブ配信アプリ「OBS Studio v31.0」がリリース。,"NVIDIA Blur Filter & Background Blurが利用可能になりプレビューウィンドウにはスクロールバーとズーム/スケールインジケーターが追加されたライブ配信アプリ「OBS Studio […]
The post NVIDIA Blur Filter & Background Blurが利用可能になりプレビューウィンドウにスクロールバーとスケールインジケーターが追加されたライブ配信アプリ「OBS Studio v31.0」がリリース。 first appeared on AAPL Ch..",0.25,Applech2.com,https://applech2.com/archives/20241208-obs-studio-v31-now-available.html,2024-12-08T06:53:25Z,NewsAPI
AAPL,pybottrader 0.0.4,An experimental Python library to implement trading bots,0.1,Pypi.org,https://pypi.org/project/pybottrader/,2024-12-08T04:38:45Z,NewsAPI
AAPL,5 Stock Buys And Sells From Top Billionaire Investors,"Warren Buffett takes a slice of Domino’s. Ken Griffin, David Tepper and Steve Cohen are shedding  Amazon shares. Here’s what SEC filings reveal about the recent moves of the world’s richest and most successful investors.",0.2875,Forbes,https://www.forbes.com/sites/johndobosz/2024/12/07/5-stock-buys-and-sells-from-top-billionaire-investors/,2024-12-07T20:21:55Z,NewsAPI
AAPL,Is Apple Inc. (AAPL) Dominating A Billionaire Quant’s Investment Strategy Right Now?,,0.0,Yahoo Entertainment,https://consent.yahoo.com/v2/collectConsent?sessionId=1_cc-session_f8a01535-a80f-45e2-86d2-4482678a1541,2024-12-07T18:27:35Z,NewsAPI
AAPL,"While Equities Set Records, Employment Trends, Retail Sales Expectations And Rising Delinquencies Advise Caution","Financial markets waited all week for the jobs data, and that data did not disappoint. As a result, the S&P 500 and the Nasdaq both closed a record high on Friday.",0.02,Forbes,https://www.forbes.com/sites/greatspeculations/2024/12/07/while-equities-set-records-employment-trends-retail-sales-expectations-and-rising-delinquencies-advise-caution/,2024-12-07T18:11:28Z,NewsAPI
AAPL,"Billionaire Investor Abruptly Dumps $20,000,000,000 Portfolio, Pours Cash Into Four New Assets","The head of a $210 billion asset management firm has decided to unload a massive pile of assets. Billionaire Israel “Izzy” Englander, CEO of Millennium Management, has sold off 68% of the firm’s Walmart (WMRT) position – 8.1 million shares worth about $745 mi…",-0.02500000000000001,The Daily Hodl,https://dailyhodl.com/2024/12/07/billionaire-investor-abruptly-dumps-20000000000-portfolio-pours-cash-into-four-new-assets/,2024-12-07T16:56:07Z,NewsAPI
AAPL,"Intel ousts its CEO, Mark Zuckerberg eyes Trump, and Elon Musk loses again: Tech news roundup",Elon Musk’s SpaceX is eyeing a tender offer that would value the aerospace company at $350 billionRead more...,0.5,Quartz India,https://qz.com/intel-ceo-mark-zuckerberg-donald-trump-elon-musk-tesla-1851715655,2024-12-07T14:00:00Z,NewsAPI
AAPL,"Dow Jones Stocks: Apple Above Buy Point, Nvidia Reverses Lower",Apple and Nvidia are among the best Dow Jones stocks in December 2024.,1.0,Investor's Business Daily,https://www.investors.com/research/dow-jones-stocks-december-2024/,2024-12-07T13:41:33Z,NewsAPI
AAPL,Thank Wealth Managers For These 8%+ Dividends,"While many wealth managers can help their clients, the reality is that wealth managers face intense competition, and that can provide a temptation to cut corners.",0.35,Forbes,https://www.forbes.com/sites/michaelfoster/2024/12/07/thank-wealth-managers-for-these-8-dividends/,2024-12-07T13:35:00Z,NewsAPI
AAPL,Jobs Report: Implications For The Markets And The Fed,The solid jobs report had enough cracks to cause the Fed to want some insurance against economic downside risks by cutting rates. The coming CPI report is significant.,-0.004999999999999993,Forbes,https://www.forbes.com/sites/bill_stone/2024/12/07/jobs-report-implications-for-the-markets-and-the-fed/,2024-12-07T12:34:39Z,NewsAPI
AAPL,Foster Victor Wealth Advisors LLC Sells 881 Shares of Apple Inc. (NASDAQ:AAPL),"Foster Victor Wealth Advisors LLC cut its holdings in Apple Inc. (NASDAQ:AAPL – Free Report) by 1.5% during the 3rd quarter, according to its most recent Form 13F filing with the Securities and Exchange Commission. The firm owned 57,903 shares of the iPhone m…",0.13999999999999999,ETF Daily News,https://www.etfdailynews.com/2024/12/07/foster-victor-wealth-advisors-llc-sells-881-shares-of-apple-inc-nasdaqaapl/,2024-12-07T09:28:51Z,NewsAPI
AAPL,Apple Inc. (NASDAQ:AAPL) Shares Sold by Clearview Wealth Advisors LLC,"Clearview Wealth Advisors LLC reduced its position in shares of Apple Inc. (NASDAQ:AAPL – Free Report) by 5.8% during the 3rd quarter, according to its most recent filing with the Securities and Exchange Commission (SEC). The fund owned 5,601 shares of the iP…",0.16,ETF Daily News,https://www.etfdailynews.com/2024/12/07/apple-inc-nasdaqaapl-shares-sold-by-clearview-wealth-advisors-llc/,2024-12-07T09:28:50Z,NewsAPI
AAPL,Apple Inc. (NASDAQ:AAPL) Stake Lowered by Lynch & Associates IN,"Lynch & Associates IN lessened its stake in Apple Inc. (NASDAQ:AAPL – Free Report) by 0.5% in the third quarter, according to its most recent 13F filing with the Securities & Exchange Commission. The institutional investor owned 47,632 shares of the iPhone ma…",0.225,ETF Daily News,https://www.etfdailynews.com/2024/12/07/apple-inc-nasdaqaapl-stake-lowered-by-lynch-associates-in/,2024-12-07T08:47:02Z,NewsAPI
AAPL,Braun Bostich & Associates Inc. Sells 708 Shares of Apple Inc. (NASDAQ:AAPL),"Braun Bostich & Associates Inc. lowered its holdings in shares of Apple Inc. (NASDAQ:AAPL – Free Report) by 9.0% during the third quarter, Holdings Channel reports. The institutional investor owned 7,196 shares of the iPhone maker’s stock after selling 708 sh…",0.2,ETF Daily News,https://www.etfdailynews.com/2024/12/07/braun-bostich-associates-inc-sells-708-shares-of-apple-inc-nasdaqaapl/,2024-12-07T08:47:02Z,NewsAPI
AAPL,"CFM Wealth Partners LLC Acquires 1,518 Shares of Apple Inc. (NASDAQ:AAPL)","CFM Wealth Partners LLC raised its holdings in shares of Apple Inc. (NASDAQ:AAPL – Free Report) by 0.5% in the 3rd quarter, HoldingsChannel reports. The fund owned 301,254 shares of the iPhone maker’s stock after buying an additional 1,518 shares during the q…",0.2,ETF Daily News,https://www.etfdailynews.com/2024/12/07/cfm-wealth-partners-llc-acquires-1518-shares-of-apple-inc-nasdaqaapl/,2024-12-07T08:07:44Z,NewsAPI
AAPL,Apple Inc. (NASDAQ:AAPL) Stock Holdings Lifted by Bourne Lent Asset Management Inc.,"Bourne Lent Asset Management Inc. raised its position in shares of Apple Inc. (NASDAQ:AAPL – Free Report) by 0.3% in the 3rd quarter, according to its most recent 13F filing with the Securities & Exchange Commission. The firm owned 136,444 shares of the iPhon…",0.13999999999999999,ETF Daily News,https://www.etfdailynews.com/2024/12/07/apple-inc-nasdaqaapl-stock-holdings-lifted-by-bourne-lent-asset-management-inc/,2024-12-07T08:07:44Z,NewsAPI
AAPL,Crescent Sterling Ltd. Reduces Position in Apple Inc. (NASDAQ:AAPL),"Crescent Sterling Ltd. trimmed its position in shares of Apple Inc. (NASDAQ:AAPL – Free Report) by 1.5% in the third quarter, Holdings Channel reports. The fund owned 24,311 shares of the iPhone maker’s stock after selling 363 shares during the quarter. Apple…",0.2,ETF Daily News,https://www.etfdailynews.com/2024/12/07/crescent-sterling-ltd-reduces-position-in-apple-inc-nasdaqaapl/,2024-12-07T08:07:33Z,NewsAPI
AAPL,Opal Wealth Advisors LLC Raises Stake in Apple Inc. (NASDAQ:AAPL),"Opal Wealth Advisors LLC increased its stake in shares of Apple Inc. (NASDAQ:AAPL – Free Report) by 81.8% in the 3rd quarter, HoldingsChannel.com reports. The institutional investor owned 58,048 shares of the iPhone maker’s stock after acquiring an additional…",0.2,ETF Daily News,https://www.etfdailynews.com/2024/12/07/opal-wealth-advisors-llc-raises-stake-in-apple-inc-nasdaqaapl/,2024-12-07T08:07:33Z,NewsAPI
AAPL,Apple Inc. (NASDAQ:AAPL) Stock Position Raised by Jamison Private Wealth Management Inc.,"Jamison Private Wealth Management Inc. grew its holdings in shares of Apple Inc. (NASDAQ:AAPL – Free Report) by 1.3% in the 3rd quarter, HoldingsChannel.com reports. The institutional investor owned 116,833 shares of the iPhone maker’s stock after acquiring a…",0.13333333333333333,ETF Daily News,https://www.etfdailynews.com/2024/12/07/apple-inc-nasdaqaapl-stock-position-raised-by-jamison-private-wealth-management-inc/,2024-12-07T08:07:31Z,NewsAPI
AAPL,Prism Advisors Inc. Reduces Stake in Apple Inc. (NASDAQ:AAPL),"Prism Advisors Inc. lowered its stake in shares of Apple Inc. (NASDAQ:AAPL – Free Report) by 3.9% in the 3rd quarter, according to the company in its most recent 13F filing with the Securities & Exchange Commission. The fund owned 5,902 shares of the iPhone m…",0.225,ETF Daily News,https://www.etfdailynews.com/2024/12/07/prism-advisors-inc-reduces-stake-in-apple-inc-nasdaqaapl/,2024-12-07T08:07:31Z,NewsAPI
AAPL,Magic KeyboardやMagic Trackpad/MouseなどのBluetoothデバイスの接続先をワンクリックで切り替えられるMacアプリ「Blue Switch」がリリース。,"Magic KeyboardやMagic Trackpad/MouseなどのBluetoothデバイスの接続先をワンクリックで切り替えられるMacアプリ「Blue Switch」がリリースされています。詳細は以下から。 […]
The post Magic KeyboardやMagic Trackpad/MouseなどのBluetoothデバイスの接続先をワンクリックで切り替えられるMacアプリ「Blue Switch」がリリース。 first appeared on AAPL Ch..",0.4166666666666667,Applech2.com,https://applech2.com/archives/20241207-blue-switch-for-mac-switch-bluetooth-devices.html,2024-12-07T07:55:13Z,NewsAPI
AAPL,Apple (NASDAQ:AAPL) Trading 0.1% Higher Following Analyst Upgrade,Apple Inc. (NASDAQ:AAPL – Get Free Report)’s stock price was up 0.1% on Thursday after Bank of America raised their price target on the stock to $256.00. Bank of America currently has a buy rating on the stock. Apple traded as high as $244.11 and last traded …,0.14,ETF Daily News,https://www.etfdailynews.com/2024/12/07/apple-nasdaqaapl-trading-0-1-higher-following-analyst-upgrade/,2024-12-07T06:18:59Z,NewsAPI
AAPL,Why Is Apple Inc. (AAPL) Among the Best Tech Stocks for Long Term Investment?,,0.0,Yahoo Entertainment,https://consent.yahoo.com/v2/collectConsent?sessionId=1_cc-session_6d738306-8f94-430e-bc48-b7972312a8ec,2024-12-07T06:07:28Z,NewsAPI
AAPL,"Dow Jones Futures: Nasdaq Runs Toward 20,000 But These Risks Are Mounting",The index is starting to look stretched. Four tech titans are flashing buy signals.,-0.025,Investor's Business Daily,https://www.investors.com/market-trend/stock-market-today/dow-jones-futures-nasdaq-nears-20000-nvidia-apple-meta-microsoft/,2024-12-07T00:10:38Z,NewsAPI
AAPL,How Much ‘Magnificent 7’ Companies Spend on Protecting Their CEOs,"Tech companies spends millions of dollars annually on security expenses for high-profile CEOs like Mark Zuckerberg, Elon Musk and Jensen Huang.",0.0,Observer,https://observer.com/2024/12/tech-company-ceo-security-cost/,2024-12-06T22:53:29Z,NewsAPI
AAPL,"Walmart Stock, Costco Roar As They Create Amazon-Like Businesses",The traditional retailers have outrun many Big Tech stocks amid e-commerce shift in a complex consumer environment.,0.05,Investor's Business Daily,https://www.investors.com/news/walmart-stock-ecommerce-online-retail/,2024-12-06T21:55:39Z,NewsAPI
AAPL,Apple shares hit new all-time intraday high,"In Nasdaq trading today, shares of Apple Inc. rose to hit a new all-time closing high. Apple’s all-time intraday high…
The post Apple shares hit new all-time intraday high appeared first on MacDailyNews.",0.24045454545454545,Macdailynews.com,https://macdailynews.com/2024/12/06/apple-shares-hit-new-all-time-intraday-high-11/,2024-12-06T21:40:09Z,NewsAPI
AAPL,What's The Outlook For December AND For 2025?,"Could we see a short-term shift towards defensive sectors? Real estate? Utilities? I haven't uttered these words in awhile. And why should I as our major indices have forged into new all-time record high territory? Well, I'm only talking about very near-term,…",0.12647727272727272,Stockcharts.com,https://stockcharts.com/articles/tradingplaces/2024/12/whats-the-outlook-for-december-138.html,2024-12-06T18:34:02Z,NewsAPI
AAPL,8 Stocks Drive 50% Of The Year's $11.8 Trillion Stock Gain,You already know about the Magnificent Seven stocks driving the S&P 500. But what about the elite eight doing most of the work?,0.75,Investor's Business Daily,https://www.investors.com/etfs-and-funds/sectors/sp500-stocks-drive-years-trillion-stock-gain/,2024-12-06T17:22:14Z,NewsAPI
AAPL,Today in Apple history: Lousy quarter proves Steve Jobs isn’t invincible,"On December 6, 2000, Apple Computer's stock price fell dramatically after lousy quarterly results. However, the best was yet to come in 2001.
(via Cult of Mac - Apple news, rumors, reviews and how-tos)",0.25,Cult of Mac,https://www.cultofmac.com/news/tiah-apple-quarterly-lost-jobs,2024-12-06T16:15:03Z,NewsAPI
AAPL,Чек-лист тестировщика в финансовой компании,"Добрый день! Меня зовут Анастасия, я QA-инженер команды бэкофиса в «Финаме». С 2022 года занимаюсь тестированием бэкофисных и торговых систем финансовых компаний. До перехода в QA работала в эксплуатации и поддержке торгово-клиринговой системы СПБ Биржи.  Моя…",0.0,Habr.com,https://habr.com/ru/companies/finam_broker/articles/864604/#post-content-body,2024-12-06T15:51:12Z,NewsAPI
AAPL,"Stock market today: Nasdaq, S&P 500 pop to strong weekly gains after jobs report boosts Fed rate cut odds",The last nonfarm payrolls report of 2025 gives a gut check on the labor market and economy ahead of the Fed's December policy decision.,0.0,Yahoo Entertainment,https://finance.yahoo.com/news/live/stock-market-today-nasdaq-sp-500-pop-to-strong-weekly-gains-after-jobs-report-boosts-fed-rate-cut-odds-143107446.html,2024-12-06T14:31:07Z,NewsAPI
AAPL,Glass Packaging Market to be Reach USD 81.74 Billion by 2031 | SkyQuest Technology,Growing demand of food and beverage and personal care and grooming industries is expected to fuel the glass packaging market growth. Growing demand of food and beverage and personal care and grooming industries is expected to fuel the glass packaging market g…,-0.05,GlobeNewswire,https://www.globenewswire.com/news-release/2024/12/06/2993041/0/en/Glass-Packaging-Market-to-be-Reach-USD-81-74-Billion-by-2031-SkyQuest-Technology.html,2024-12-06T13:23:00Z,NewsAPI
AAPL,RayCue、Mac mini (2024)にUSB-A/-CやmicroSD/SDカードリーダー、HDMI、NVMe/SATA SSDを増設できるUSB-Cハブ「RayCue New M4/2024 Mac Mini Hub & Stand」を日本でも発売。,"RayCueがMac mini (2024)にUSB-A/-CやmicroSD/SDカードリーダー、HDMI、NVMe SSDを増設できるUSB-Cハブ「RayCue New M4/2024 Mac Mini Hub […]
The post RayCue、Mac mini (2024)にUSB-A/-CやmicroSD/SDカードリーダー、HDMI、NVMe/SATA SSDを増設できるUSB-Cハブ「RayCue New M4/2024 Mac Mini Hub & Stand」を日本でも発売。 first …",0.17424242424242423,Applech2.com,https://applech2.com/archives/20241206-raycue-new-m4-2024-mac-mini-hub-and-stand-in-japan.html,2024-12-06T12:28:28Z,NewsAPI
AAPL,Best Mutual Fund Races To Top With Some Offbeat Stock Picks,Research is the X factor that powers Janus Henderson Global Research Fund to benchmark-beating returns and into a best mutual fund.,0.5,Investor's Business Daily,https://www.investors.com/etfs-and-funds/mutual-funds/best-mutual-fund-races-to-top-with-some-offbeat-stock-picks/,2024-12-06T12:00:52Z,NewsAPI
AAPL,Nouveau record pour AAPL : la capitalisation d’Apple repasse devant celle de Nvidia,"Pour certains analystes la messe était dite :  Nvidia laisserait tout le monde sur place à la bourse, la croissance soutenue du fabricant de GPU laissant entrevoir une sur-domination du secteur des puces pour l’IA. Finalement, Apple est semble t-il beaucoup p…",0.0,Iphoneaddict.fr,https://iphoneaddict.fr/post/news-398210-nouveau-record-aapl-capitalisation-dapple-repasse-devant-celle-nvidia,2024-12-06T10:45:07Z,NewsAPI
AAPL,Hutchens & Kramer Investment Management Group LLC Has $2.77 Million Stock Holdings in Apple Inc. (NASDAQ:AAPL),"Hutchens & Kramer Investment Management Group LLC grew its holdings in Apple Inc. (NASDAQ:AAPL – Free Report) by 19.5% in the 3rd quarter, according to its most recent disclosure with the Securities & Exchange Commission. The institutional investor owned 12,2…",0.225,ETF Daily News,https://www.etfdailynews.com/2024/12/06/hutchens-kramer-investment-management-group-llc-has-2-77-million-stock-holdings-in-apple-inc-nasdaqaapl/,2024-12-06T10:39:13Z,NewsAPI
AAPL,"MGB Wealth Management LLC Sells 2,518 Shares of Apple Inc. (NASDAQ:AAPL)","MGB Wealth Management LLC cut its holdings in shares of Apple Inc. (NASDAQ:AAPL – Free Report) by 8.0% in the third quarter, according to its most recent disclosure with the Securities and Exchange Commission (SEC). The firm owned 28,828 shares of the iPhone …",0.10000000000000002,ETF Daily News,https://www.etfdailynews.com/2024/12/06/mgb-wealth-management-llc-sells-2518-shares-of-apple-inc-nasdaqaapl/,2024-12-06T10:39:01Z,NewsAPI
AAPL,"McDonald's E. coli closure, Cyber Monday beats Black Friday, and Chipotle raises prices: Retail news roundup","McDonald’s has officially resolved the E. coli outbreak linked to its restaurants, according to an update from the Centers for Disease Control (CDC) and Prevention. Black Friday officially went digital as shoppers embraced the convenience of online shopping. …",-0.08333333333333333,Quartz India,https://qz.com/mcdonalds-cyber-monday-black-friday-adobe-chipotle-reta-1851715033,2024-12-06T10:00:00Z,NewsAPI
AAPL,美上訴法院維持「不賣就禁」法案 TikTok面臨封殺命運,美國聯邦法院周五 (6 日) 以國家安全擔憂為由維持中國字節跳動旗下 TikTok 的「不賣就禁」法案，也就是說若字節跳動下個月不出售 TikTok，這個風靡全美國的短影音應用程式將遭到封殺。,0.0,Yahoo Entertainment,https://tw.stock.yahoo.com/news/%E7%BE%8E%E4%B8%8A%E8%A8%B4%E6%B3%95%E9%99%A2%E7%B6%AD%E6%8C%81-%E4%B8%8D%E8%B3%A3%E5%B0%B1%E7%A6%81-%E6%B3%95%E6%A1%88-tiktok%E9%9D%A2%E8%87%A8%E5%B0%81%E6%AE%BA%E5%91%BD%E9%81%8B-175228642.html,2024-12-06T09:52:28Z,NewsAPI
AAPL,"Meet the Unstoppable Artificial Intelligence (AI) Stock That Could Join Apple, Nvidia, and Microsoft in the $3 Trillion Club by 2028","At the start of 2022, Apple (NASDAQ: AAPL) became the first company to reach a $3 trillion market cap.
It was a valuation that was unfathomable just a decade ago when the largest company in the world (also Apple) was worth $600 billion. And people were saying…",0.275,Biztoc.com,https://biztoc.com/x/8c012dfe11fd9f4f,2024-12-06T09:39:51Z,NewsAPI
AAPL,"von Borstel & Associates Inc. Acquires Shares of 4,282 Apple Inc. (NASDAQ:AAPL)","von Borstel & Associates Inc. bought a new position in Apple Inc. (NASDAQ:AAPL – Free Report) during the 3rd quarter, Holdings Channel.com reports. The firm bought 4,282 shares of the iPhone maker’s stock, valued at approximately $997,000. Apple accounts for …",-0.012727272727272731,ETF Daily News,https://www.etfdailynews.com/2024/12/06/von-borstel-associates-inc-acquires-shares-of-4282-apple-inc-nasdaqaapl/,2024-12-06T09:18:53Z,NewsAPI
AAPL,Lockerman Financial Group Inc. Grows Stake in Apple Inc. (NASDAQ:AAPL),"Lockerman Financial Group Inc. boosted its position in Apple Inc. (NASDAQ:AAPL – Free Report) by 5.1% in the third quarter, HoldingsChannel.com reports. The institutional investor owned 6,366 shares of the iPhone maker’s stock after acquiring an additional 31…",0.13333333333333333,ETF Daily News,https://www.etfdailynews.com/2024/12/06/lockerman-financial-group-inc-grows-stake-in-apple-inc-nasdaqaapl/,2024-12-06T09:18:53Z,NewsAPI
AAPL,Ullmann Wealth Partners Group LLC Has $6.34 Million Stock Position in Apple Inc. (NASDAQ:AAPL),"Ullmann Wealth Partners Group LLC boosted its stake in shares of Apple Inc. (NASDAQ:AAPL – Free Report) by 2.4% in the 3rd quarter, according to the company in its most recent 13F filing with the Securities and Exchange Commission (SEC). The fund owned 27,217…",0.16,ETF Daily News,https://www.etfdailynews.com/2024/12/06/ullmann-wealth-partners-group-llc-has-6-34-million-stock-position-in-apple-inc-nasdaqaapl/,2024-12-06T09:18:53Z,NewsAPI
AAPL,Apple Inc. (NASDAQ:AAPL) is Hayek Kallen Investment Management’s Largest Position,"Hayek Kallen Investment Management cut its holdings in Apple Inc. (NASDAQ:AAPL – Free Report) by 1.1% during the third quarter, according to the company in its most recent Form 13F filing with the Securities and Exchange Commission (SEC). The institutional in…",0.16,ETF Daily News,https://www.etfdailynews.com/2024/12/06/apple-inc-nasdaqaapl-is-hayek-kallen-investment-managements-largest-position/,2024-12-06T09:18:52Z,NewsAPI
AAPL,Regatta Capital Group LLC Has $30.64 Million Holdings in Apple Inc. (NASDAQ:AAPL),"Regatta Capital Group LLC grew its holdings in shares of Apple Inc. (NASDAQ:AAPL – Free Report) by 2.3% during the third quarter, according to its most recent filing with the Securities and Exchange Commission. The institutional investor owned 131,520 shares …",0.225,ETF Daily News,https://www.etfdailynews.com/2024/12/06/regatta-capital-group-llc-has-30-64-million-holdings-in-apple-inc-nasdaqaapl/,2024-12-06T09:18:52Z,NewsAPI
AAPL,Zhang Financial LLC Has $46.52 Million Stock Position in Apple Inc. (NASDAQ:AAPL),"Zhang Financial LLC raised its stake in shares of Apple Inc. (NASDAQ:AAPL – Free Report) by 0.9% during the 3rd quarter, according to the company in its most recent filing with the SEC. The firm owned 199,665 shares of the iPhone maker’s stock after purchasin…",0.08571428571428573,ETF Daily News,https://www.etfdailynews.com/2024/12/06/zhang-financial-llc-has-46-52-million-stock-position-in-apple-inc-nasdaqaapl/,2024-12-06T09:18:52Z,NewsAPI
AAPL,Luts & Greenleigh Group Inc. Increases Holdings in Apple Inc. (NASDAQ:AAPL),"Luts & Greenleigh Group Inc. raised its stake in shares of Apple Inc. (NASDAQ:AAPL – Free Report) by 2.8% in the third quarter, Holdings Channel reports. The fund owned 23,362 shares of the iPhone maker’s stock after acquiring an additional 634 shares during …",0.2,ETF Daily News,https://www.etfdailynews.com/2024/12/06/luts-greenleigh-group-inc-increases-holdings-in-apple-inc-nasdaqaapl/,2024-12-06T09:18:52Z,NewsAPI
AAPL,Cabot Wealth Management Inc. Has $37.13 Million Stake in Apple Inc. (NASDAQ:AAPL),"Cabot Wealth Management Inc. decreased its position in Apple Inc. (NASDAQ:AAPL – Free Report) by 1.5% during the 3rd quarter, Holdings Channel.com reports. The fund owned 159,352 shares of the iPhone maker’s stock after selling 2,363 shares during the quarter…",0.0,ETF Daily News,https://www.etfdailynews.com/2024/12/06/cabot-wealth-management-inc-has-37-13-million-stake-in-apple-inc-nasdaqaapl/,2024-12-06T09:18:48Z,NewsAPI
AAPL,Apple Inc. (NASDAQ:AAPL) Shares Sold by HTLF Bank,"HTLF Bank lowered its holdings in Apple Inc. (NASDAQ:AAPL – Free Report) by 2.6% during the 3rd quarter, HoldingsChannel.com reports. The firm owned 107,155 shares of the iPhone maker’s stock after selling 2,860 shares during the quarter. Apple makes up about…",0.06666666666666667,ETF Daily News,https://www.etfdailynews.com/2024/12/06/apple-inc-nasdaqaapl-shares-sold-by-htlf-bank/,2024-12-06T09:18:48Z,NewsAPI
AAPL,Apple (NASDAQ:AAPL) Shares Up 0.3% After Analyst Upgrade,Apple Inc. (NASDAQ:AAPL – Get Free Report) was up 0.3% on Wednesday after Bank of America raised their price target on the stock to $256.00. Bank of America currently has a buy rating on the stock. Apple traded as high as $244.11 and last traded at $243.39. A…,0.14,ETF Daily News,https://www.etfdailynews.com/2024/12/06/apple-nasdaqaapl-shares-up-0-3-after-analyst-upgrade/,2024-12-06T07:55:00Z,NewsAPI
AAPL,Apple (NASDAQ:AAPL) Price Target Raised to $256.00,"Apple (NASDAQ:AAPL – Get Free Report) had its price target lifted by stock analysts at Bank of America to $256.00 in a research note issued on Wednesday, Stock Target Advisor reports. The brokerage currently has a “buy” rating on the iPhone maker’s stock. Ban…",0.2,ETF Daily News,https://www.etfdailynews.com/2024/12/06/apple-nasdaqaapl-price-target-raised-to-256-00/,2024-12-06T07:16:45Z,NewsAPI
AAPL,Dockの両サイドにファイルの一時置き場を作成してくれるMacアプリ「Dockside」がリリース。,"Dockの両サイドにファイルを一時置き場を作成してくれるMacアプリ「Dockside」がリリースされています。詳細は以下から。 　Macで作業中に使用しているファイルやフォルダを一時的に別の置いておきたい場合がありま […]
The post Dockの両サイドにファイルの一時置き場を作成してくれるMacアプリ「Dockside」がリリース。 first appeared on AAPL Ch..",0.25,Applech2.com,https://applech2.com/archives/20241206-dockside-for-mac-file-shelf.html,2024-12-06T04:22:03Z,NewsAPI
AAPL,US shares: Is their phenomenal run done?,"The S&P 500 Index has increased by 28.1% in the year to date. Can this extraordinary run continue?
The post US shares: Is their phenomenal run done? appeared first on The Motley Fool Australia.",0.4208333333333333,Motley Fool Australia,https://www.fool.com.au/2024/12/06/us-shares-is-their-phenomenal-run-done/,2024-12-06T01:39:37Z,NewsAPI
AAPL,"Apple Inc. (AAPL) Leverages AWS AI Chips for Apple Intelligence Pretraining, Highlights Collaboration at AWS re:Invent","We recently compiled a list of the 10 AI News Investors Should Not Miss. In this article, we are going to take a look at where Apple Inc. (NASDAQ:AAPL...",0.0,Yahoo Entertainment,https://finance.yahoo.com/news/apple-inc-aapl-leverages-aws-013228196.html,2024-12-06T01:32:28Z,NewsAPI
AAPL,Apple(AAPL)の株価が12月5日(現地時間)に終値と日中最高値で4日連続で過去最高値を更新,"終値と日中最高値で過去最高値を更新 12月5日(現地時間)、ナスダック市場での取引において、Apple Inc. (AAPL) の株価は前日から0.03ドル（0,01%）上昇し、243.04ドルとなり、終値としては過去最高値を更新しました。 同日の日中最高値は244.54ドルで、これまでの日中最高値は12月4日（現地時間)の244.10ドルです。 Appleの52週間の最低値は164.08ドル(2024/04/19)です。 時価総額 Apple (AAPL) ： 3兆6,740億ドル NVIDIA (NVDA) …",0.0,Minatokobe.com,https://minatokobe.com/wp/apple/post-101203.html,2024-12-05T23:06:46Z,NewsAPI
